{"conservative": 0.03099662983070005, "balanced": 0.01678335602321559, "sensitive": 0.01304990810194457}