model_type,p,d,q,s,AIC,BIC,Val_MAE,log_transformed
ARIMA,1,0,1,0,9337.027463933662,9404.720048139725,26.812431357164247,False
ARIMA,0,1,1,0,9335.661543025775,9393.67084789154,26.819176395071423,False
ARIMA,1,1,2,0,9357.670988765709,9425.348511109103,27.03220657962938,False
ARIMA,1,1,1,0,9355.394169937881,9418.237583542461,27.062061598697547,False
ARIMA,2,1,1,0,9358.721181053415,9426.39870339681,27.15968775622347,False
