model_type,p,d,q,s,AIC,BIC,Val_MAE,log_transformed
ARIMA,1,1,2,0,802.1060561746591,832.761222563029,68.8152000487181,False
ARIMA,1,0,1,0,808.6293066289546,839.4950033004282,68.88694410668931,False
ARIMA,0,1,1,0,800.6622544550086,826.9381113593257,69.80795362018746,False
ARIMA,1,1,1,0,802.6674998457356,831.1330114920792,69.89181285788506,False
ARIMA,2,1,1,0,805.6894476565576,836.3446140449275,75.13994214224223,False
