,MAE,MAPE,RMSE,R2,Accuracy,CV_MAE,Best_Params
Linear Regression,20.258623602274216,3.913601777278482,46.8160426055948,0.9644209854569945,0.9644209854569945,54.9216900065574,{}
Ridge,21.165948133699644,3.866571552247417,46.15762157514465,0.9650615678865224,0.9650615678865224,37.03714402839353,{'alpha': 0.01}
Lasso,20.687602025705242,3.842414825861582,43.65639235500758,0.9653342353183737,0.9653342353183737,36.48159716638718,{'alpha': 0.1}
ElasticNet,30.44749261940489,5.3239387706038475,64.2433969062433,0.9176339103793031,0.9176339103793031,37.387084525581784,"{'alpha': 0.1, 'l1_ratio': 0.9}"
Extra Trees,84.46767790286407,27.439332408723576,310.7545562160096,0.41380883858261924,0.41380883858261924,51.79155252525253,"{'n_estimators': 300, 'min_samples_split': 2, 'min_samples_leaf': 1, 'max_features': None, 'max_depth': 10}"
Ensemble,20.495759009130527,,45.09354217200524,0.9663921426616221,0.9663921426616221,N/A,N/A
